,Benign,PortScan,BruteForce,WebAttack,DoS,Botnet
Benign,0.8,0.2,0.0,0.0,0.0,0.0
PortScan,0.1,0.0,0.135000140708583,0.764999859291417,0.0,0.0
BruteForce,0.0,0.0,0.0,0.0,0.15000005571287728,0.8499999442871228
WebAttack,0.0,0.0,0.0,0.0,0.15000005571287728,0.8499999442871228
DoS,0.1,0.0,0.0,0.0,0.9,0.0
Botnet,0.1,0.0,0.0,0.0,0.0,0.9
